,SMILES,sp3,n_rings,h_don,h_acc,similarity
0,C=CCN(CC(=O)O)Cc1csc(COc2ccc(Cl)cc2)n1,0.25,2,1,5,0.2
1,CC(=O)N(CC(=O)NCc1ccc(C(N)=O)nc1)c1ccc(Br)cc1,0.17647058823529413,2,3,7,0.11538461538461539
2,CC(=O)N(c1nc(CC(=O)N2CCC(O)C2c2cnc[nH]2)cs1)C1CC1,0.5294117647058824,4,2,8,0.07692307692307693
3,CC(=O)N1CC(NC(=O)c2ccc(N(C)C)nc2)C(c2cnn(C)c2)C1,0.4444444444444444,3,1,8,0.12195121951219512
5,CC(=O)N1CCc2ccc(S(=O)(=O)NCC(C)Cn3cccn3)cc2C1,0.4444444444444444,3,1,7,0.1411764705882353
6,CC(=O)NC(C(=O)NCCc1nnc(S)o1)c1cccc(Br)c1,0.2857142857142857,2,2,7,0.1375
7,CC(=O)NC(C)C(=O)Nc1nnc(SCc2ccc(C#N)cc2)s1,0.26666666666666666,2,2,7,0.0975609756097561
8,CC(=O)NC(C)CNC(=O)c1ccc(Sc2ccccn2)nc1,0.25,2,2,6,0.08974358974358974
9,CC(=O)NC1Cc2ccc(-c3nc(CC(=O)NC4CC4)no3)cc2C1,0.4444444444444444,4,2,7,0.12658227848101267
10,CC(=O)NCC(Cc1nc(CC(=O)Nc2ccc(C)cc2)no1)C(F)(F)F,0.4117647058823529,2,2,7,0.09523809523809523
11,CC(=O)Nc1ccc(C)nc1NC(=O)C1CCc2cnn(C)c2C1,0.4117647058823529,3,2,7,0.09876543209876543
12,CC(O)CN(CC(F)F)C(=O)Cc1csc(NC(=O)c2ccc(Br)o2)n1,0.4,2,2,7,0.12941176470588237
13,CC(O)c1cn(CC(=O)N(Cc2cccc(Br)c2)CC2CCCO2)nn1,0.5,3,1,7,0.12087912087912088
14,CC1CN(c2ccc(C(F)(F)F)cn2)CC1NC(=O)c1ccc(C=O)[nH]1,0.35294117647058826,3,2,6,0.10465116279069768
15,CC1Cc2ccc(Br)cc2CN1C(=O)c1cn(CC(=O)O)nn1,0.3333333333333333,3,1,7,0.0975609756097561
16,CCN(CCc1nn[nH]n1)C(=O)COc1cccc(Br)c1C,0.42857142857142855,2,1,7,0.0975609756097561
17,CCN1C(=O)CCC(C(=O)Nc2n[nH]c(C)c2C#N)C1c1nccn1C,0.47058823529411764,3,2,9,0.07446808510638298
18,CCNC(=O)C1CN(C(=O)c2cnc3n2CCCC3)Cc2cccn21,0.5,4,1,7,0.10465116279069768
19,CCNC(=O)C1CN(Cc2ncc(C)cn2)C(O)c2ccc(Br)cc2O1,0.3888888888888889,3,2,7,0.12941176470588237
20,CCNC(=O)C1Cc2cccnc2N1Cc1cc(=O)c(O)co1,0.3125,3,2,7,0.11764705882352941
21,CCNC(=O)NCCOC(=O)c1cc(-c2csc(C)n2)ccc1Cl,0.3125,2,2,6,0.12195121951219512
22,CN(C)C(=O)CC(NC(=O)c1csc(C(F)(F)F)n1)c1ccnn1C,0.42857142857142855,2,1,7,0.0963855421686747
23,CN(CCCNC(=O)c1cn2c(n1)CCCC2)C(=O)c1ccncc1,0.4444444444444444,3,1,7,0.12195121951219512
24,CN1CCC(C(=O)Nc2ccn(CCF)n2)(c2ccc(Cl)cc2)CC1=O,0.3888888888888889,3,1,6,0.20512820512820512
25,CN1Cc2ccc(NC(=O)C3CCCOC3c3ccnn3C)cc2C1=O,0.42105263157894735,4,1,7,0.11627906976744186
26,CNC(=O)C(C)NC(=O)c1ccc(SCc2nc(C)no2)cc1,0.3333333333333333,2,2,7,0.10126582278481013
27,CNC(=O)C1CN(C(=O)c2ccc(=O)n(-c3cnn(C)c3)c2)C1,0.3333333333333333,3,1,8,0.10256410256410256
28,CNC(=O)C1CN(C(=O)c2ccnc(OCC(F)F)c2)Cc2ccnn21,0.375,3,1,8,0.11904761904761904
29,CNC(C)(C)c1cn(CC(=O)NC(COC)c2ccc(F)cc2)nn1,0.47058823529411764,2,2,7,0.10843373493975904
30,CNS(=O)(=O)c1ccc(C(=O)N2CCC=C(c3ccncc3)C2)o1,0.25,3,1,7,0.15584415584415584
31,COC(=O)c1ccc(C(C)(C)NC(=O)CCc2ncc[nH]2)nc1,0.375,2,2,7,0.12987012987012986
32,COCC(NC(=O)CCn1c(C)cc(O)cc1=O)c1ccc(C)o1,0.4117647058823529,2,2,7,0.1111111111111111
33,COCCn1c(N)c(N(C)C(=O)NCC(C)c2ccco2)c(=O)[nH]c1=O,0.4375,2,4,10,0.11627906976744186
34,COc1cc(C(=O)NCC(C)(CO)Cc2ccc(Cl)cc2)on1,0.375,2,2,6,0.2054794520547945
35,COc1ccc(C(NC(=O)N2CCC(O)C2)c2nccn2C)cc1,0.4117647058823529,3,2,7,0.13580246913580246
36,CSc1nc(C(=O)N2CC(C(N)=O)C(c3ccc(F)cc3)C2)co1,0.3125,3,2,6,0.0975609756097561
37,Cc1c(C(=O)NCC(C)(Cc2ccc(F)cc2)C(N)=O)cnn1C1CCCC1,0.47619047619047616,3,3,6,0.10588235294117647
38,Cc1c(C(=O)NCCC(c2cccc(C(F)(F)F)n2)C2C(=O)N2)cnn1C,0.4117647058823529,3,2,7,0.08888888888888889
39,Cc1c(Cl)cnn1CC(=O)NC(CC(N)=O)c1ccco1,0.3076923076923077,2,3,7,0.12658227848101267
40,Cc1cc(OCC(=O)NC(CCN(C)C)c2cccnc2)ccc1F,0.3684210526315789,2,1,5,0.13095238095238096
41,Cc1ccc(C2CC(C)N(C(=O)c3cnc4c(c3)NC(=O)CO4)C2)cn1,0.3684210526315789,4,1,7,0.10344827586206896
42,Cc1ccc(CC(=O)N(CCO)Cc2ccc(N(C)C)cn2)c(=O)[nH]1,0.3888888888888889,2,2,7,0.08536585365853659
43,Cc1ccc(CCC(=O)N2CCCC2c2nc(C(=O)O)cs2)o1,0.4375,3,1,6,0.10714285714285714
44,Cc1ccc(CCNC(=O)c2ccnc(N3CCNC3=O)c2)c(=O)n1C,0.3333333333333333,3,2,8,0.09523809523809523
45,Cc1ccc(S(=O)(=O)NCCc2csc(=O)[nH]2)c(Cl)n1,0.2727272727272727,2,2,6,0.11842105263157894
46,Cc1ccc(SCC(C(=O)NC(C)(C)C(N)=O)c2nn[nH]n2)cc1,0.4,2,4,8,0.1
47,Cc1cccnc1C(C)(C)CNC(=O)c1ccc(C(N)=O)cn1,0.29411764705882354,2,3,6,0.10256410256410256
48,Cc1ccnc(C2CCN(C(=O)c3cc4c(nc3O)CCCCC4)C2)c1,0.47619047619047616,4,1,5,0.09411764705882353
49,Cc1cn(-c2ccc(C(F)(F)F)cn2)nc1NC(=O)C1CNC(=O)C1,0.3333333333333333,3,2,7,0.09195402298850575
50,Cc1cncc(C=CC(=O)Nc2nc(CC(=O)N(C)C)ccc2C)c1,0.2631578947368421,2,1,6,0.09876543209876543
51,Cc1nc(CC(=O)NCc2ccoc2C(=O)N2CCCC2)c(=O)n(C)c1C,0.47368421052631576,3,1,8,0.10975609756097561
52,Cc1nc(NC(=O)C2CCC(=O)N2)c2c1c1cc3ccccn3c(C)cc2n1,0.23809523809523808,5,2,7,0.07608695652173914
53,Cc1ncc(CN(C)C(=O)Nc2nc3ccc(F)cc3n2C2CC2)s1,0.35294117647058826,4,1,6,0.11363636363636363
54,Cc1noc(C)c1N(C)C(=O)Cc1cccc(C(=O)NC2CC2)c1,0.3888888888888889,3,1,6,0.10975609756097561
55,Cc1oc(C(=O)N2CCCC2CC(O)c2ccco2)cc1S(N)(=O)=O,0.4375,3,3,8,0.12941176470588237
56,Cn1cnn(CCC(=O)Nc2cccc(CN3CCCC3=O)c2)c1=O,0.4117647058823529,3,1,8,0.10714285714285714
57,N#Cc1cc(C(=O)NC2CC(CO)(c3cccc(F)c3)C2)cnc1C(F)(F)F,0.3157894736842105,3,2,5,0.10112359550561797
58,O=C(Cc1ccc(Cl)cn1)N1CCCC1C(=O)Nc1nccs1,0.3333333333333333,3,1,6,0.1794871794871795
59,O=C(Cc1csc(N2CCCC2=O)n1)N(CCO)Cc1cccnc1,0.4117647058823529,3,1,7,0.08888888888888889
60,O=C(Nc1ccnn1C1CCSC1)C1CC(=O)N(c2cccc(C(F)(F)F)c2)C1,0.42105263157894735,4,1,6,0.0967741935483871
61,O=C(c1ccnc(OC2CCCC2)c1)N1CC(c2ncccc2C)C1,0.45,4,0,5,0.1
62,O=C1CC(C(=O)Nc2nnc(-c3ccc(Cl)cc3F)s2)CN1C1CC1,0.375,4,1,6,0.14814814814814814
63,O=C1CC(c2cc(O)nc(C3CC3)n2)CN1CCc1ccco1,0.47058823529411764,4,1,6,0.08333333333333333
64,CC(=O)N1CC2CCCC2(NC(=O)c2cn(-c3ccc(Cl)cc3)nn2)C1,0.4444444444444444,4,1,7,0.1875
65,CC(=O)N1CCCC(C(=O)Nc2nnc(-c3cccc(Cl)c3)s2)C1,0.375,3,1,6,0.13580246913580246
66,CC(=O)N1CCCC(C(=O)Nc2nnc(C(C)Oc3ccc(N(C)C)cc3)s2)C1,0.5,3,1,8,0.12643678160919541
67,CC(=O)N1CCCC1C(=O)Nc1ccc(OCc2ccccn2)c(C)c1,0.35,3,1,6,0.12941176470588237
68,CC(=O)NC(C)(C)C(=O)Nc1ccc(Oc2ccc(C)c(C)c2)nc1,0.3157894736842105,2,2,6,0.14666666666666667
69,CC(=O)NCC(C)(C)C(=O)Nc1cc(Cl)ccc1-n1cncn1,0.3333333333333333,2,2,7,0.15584415584415584
70,CC(=O)NCC(C)(C)C(=O)Nc1cnn(Cc2cccc(Br)c2)c1,0.35294117647058826,2,2,6,0.0963855421686747
71,CC(=O)NCC1CCn2ncc(C(=O)NCc3cc(=O)cc[nH]3)c2C1,0.4117647058823529,3,3,8,0.09090909090909091
72,CC(=O)NCC1CCn2ncc(C(=O)NCc3cccnc3SC)c2C1,0.4444444444444444,3,2,7,0.08791208791208792
73,CC(=O)NCCN(Cc1ccc(C)s1)c1ccc(C(=O)O)nn1,0.3333333333333333,2,2,7,0.10126582278481013
74,CC(=O)NCCc1ccc(OCC(=O)Nc2cccnc2C)cc1,0.2777777777777778,2,2,6,0.16216216216216217
75,CC(Sc1nc(CN2CCCCC2)nc2ccccc12)C(=O)O,0.47058823529411764,3,1,5,0.1038961038961039
76,CC1(c2nc(Cc3cccc(Cl)c3)no2)NC(=O)NC1=O,0.23076923076923078,3,2,7,0.11842105263157894
77,CC1CC(CNC(=O)c2ccc(-c3ccc(C=O)o3)o2)CC(=O)N1,0.35294117647058826,3,2,7,0.15584415584415584
79,CC1CN(C(=O)c2csc(Cc3ccc(N)cc3)n2)CC2(CCOC2)O1,0.47368421052631576,4,2,6,0.17857142857142858
80,CCC1(NC(=O)NCc2cn(-c3ccc(F)cc3)nn2)CCOCC1,0.47058823529411764,3,2,7,0.21621621621621623
81,CCN(CC)C(=O)C(=O)Nc1ccn(CCc2ccncc2)n1,0.375,2,1,7,0.09090909090909091
82,CCNC(=O)C(C)NC(=O)c1ccc(CSc2nccn2C)o1,0.4,2,2,7,0.12195121951219512
83,CCNC(=O)C(C)NC(=O)c1cccc(Oc2ccc(Cl)cc2)n1,0.23529411764705882,2,2,6,0.24285714285714285
84,CCNC(=O)C1CN(C(=O)c2n[nH]c(C)c2O)Cc2cccn21,0.4,3,3,8,0.09523809523809523
85,CCNC(=O)C1Cc2ccc(OC)cc2CN1Cc1nc(CCO)no1,0.5,3,2,8,0.14942528735632185
86,CCNC(=O)CC(=O)NCc1ccc(-n2nc(C)cc2C)nc1,0.375,2,2,7,0.10526315789473684
87,CCNS(=O)(=O)c1ccc(C=Nn2c(-c3ccco3)n[nH]c2=S)c(O)c1,0.13333333333333333,3,3,9,0.12359550561797752
88,CCc1c(C(=O)NC(C)C(N)=O)nnn1Cc1ccc(F)cc1,0.3333333333333333,2,3,7,0.11538461538461539
89,CCn1ccnc1NC1CCC(CO)(c2cccc(C(F)(F)F)c2)C(=O)N1,0.4444444444444444,3,3,6,0.0989010989010989
90,CN(C(=O)CSc1nnc(-c2cccc(C#N)c2)n1N)C(C)(C)C(=O)O,0.3125,2,3,9,0.06741573033707865
91,CN(C)CCc1cnc(NC(=O)C(C)(C)Oc2cccc(F)c2)s1,0.4117647058823529,2,1,5,0.12048192771084337
92,CNC(=O)C1Cc2ccccc2CN1C(=O)Cc1cn(CC(F)(F)F)nn1,0.4117647058823529,3,1,7,0.10588235294117647
93,CNc1cc(C(=O)N(CCc2cccc(F)c2)C2CC2)cnc1OC,0.3684210526315789,3,1,5,0.10344827586206896
94,COC(Cc1nc(C(C)(C)NC(=O)Nc2ccc(C#N)cc2)no1)C(F)(F)F,0.4117647058823529,2,2,8,0.10344827586206896
95,COC(c1ccc(Cl)cc1)C(C)Nc1ccc(C(=O)NC2CC2)nn1,0.3888888888888889,3,2,6,0.18666666666666668
96,COC1(C(=O)Nc2cnn(CCN(C)C)c2)CCOC1c1ccc(C)cc1,0.5,3,1,7,0.16470588235294117
97,COCC1CCN1C(=O)Cc1csc(NC(=O)c2ccoc2C)n1,0.4375,3,1,7,0.12643678160919541
98,COc1cc(-n2cccc2)c(Cl)cc1C(=O)NCCC(=O)N(C)C,0.29411764705882354,2,1,6,0.11538461538461539
99,COc1ccc(-n2cnnc2SCC(=O)NC(C)(C)C(N)=O)cc1,0.3333333333333333,2,3,8,0.12658227848101267
100,COc1ccc(Br)cc1C1CC1c1nc(CN2CCNC(=O)C2=O)no1,0.4117647058823529,4,1,8,0.08791208791208792
101,COc1ccc(C#N)cc1COc1cccc(C(=O)NCCN(C)C)c1,0.3,2,1,6,0.10714285714285714
102,COc1ccc(C(NC(=O)CON=C(N)C(F)(F)F)c2nccn2C)cc1,0.3125,2,3,8,0.11627906976744186
103,COc1cn(-c2cccc(Cl)c2)nc1C(=O)NC1CCCCC1O,0.4117647058823529,3,2,6,0.16455696202531644
105,Cc1c(C(=O)N2CC(C)(C(N)=O)C2)nnn1-c1cccc(Cl)c1,0.3333333333333333,3,2,7,0.14473684210526316
106,Cc1c(C(=O)N2CCC(O)C(C)(C)C2)nnn1Cc1ccc(F)cc1,0.5,3,1,6,0.125
107,Cc1c(C(=O)NC(C)C(O)c2ccccc2)nnn1C1CCOCC1,0.5,3,2,7,0.15384615384615385
108,Cc1c(C(=O)NC(C)CC(N)=O)nnn1Cc1ccc(F)cc1,0.3333333333333333,2,3,7,0.11538461538461539
109,Cc1cc(C(=O)N2CC3CCC(C2)C3O)nn1-c1cccc(F)c1,0.4444444444444444,4,1,5,0.08860759493670886
110,Cc1cc(NC(=O)N2CCC(c3ccnn3C)CC2)ccc1OCC(F)(F)F,0.47368421052631576,3,1,6,0.11494252873563218
112,Cc1ccc(-c2nnc(S)n2CC(=O)N2CCC(=O)C(C)C2)cc1,0.4117647058823529,3,0,6,0.0875
113,Cc1ccc(-c2nnc(S)n2CC(=O)NC2CCOC(C)C2)cc1,0.47058823529411764,3,1,6,0.125
114,Cc1ccc(-n2cnnn2)cc1NC(=O)CNC(=O)C1CC1,0.35714285714285715,3,2,8,0.09876543209876543
115,Cc1ccc(C(=O)N2CCOCC2)cc1NC1CCCn2ncnc21,0.5,4,1,7,0.14634146341463414
116,Cc1ccc(C(=O)NC2CC3(C2)OCCS3)cc1NC(=O)c1cccnc1,0.35,4,2,6,0.12790697674418605
117,Cc1ccc(F)c(CN(C)C(=O)Cc2csc(N3CCCNC3=O)n2)c1,0.3888888888888889,3,1,6,0.10112359550561797
118,Cc1ccc(N2CCCC(NCc3cncc(OC4CCCC4)c3)C2=O)c(O)c1,0.4782608695652174,4,2,6,0.10112359550561797
119,Cc1ccc(NC(=O)Cc2noc(C3CCN(C)C3=O)n2)c(Cl)c1,0.375,3,1,7,0.12941176470588237
120,Cc1ncoc1COc1cccc(C(=O)NCC(C)(O)C(F)(F)F)c1,0.375,2,2,6,0.12195121951219512
121,Cc1nnc(Sc2ccc(O)cc2)n1CC(=O)NCC(C)O,0.35714285714285715,2,3,7,0.1038961038961039
122,Cc1oc(-c2ccco2)nc1CC(=O)N1CCC(O)(CO)CC1,0.5,3,2,7,0.125
123,Cc1oc(C(C)C)cc1C(=O)N1Cc2cccnc2CC1C(=O)O,0.3888888888888889,3,1,6,0.0963855421686747
124,Cn1nncc1CC(=O)NCc1cccc(C(=O)NC2CC2)c1,0.375,3,2,7,0.0963855421686747
125,NC(=O)C1CCCCN1C(=O)c1nn(-c2cccc(C(F)(F)F)c2)cc1O,0.35294117647058826,3,3,7,0.09302325581395349
126,O=C(Cn1nnnc1Cc1cccc(Br)c1)N1CC(O)(CO)C1,0.42857142857142855,3,2,8,0.125
127,O=C(NCCN=c1cc[nH]c(C(=O)O)c1)C1(c2ccccn2)CC1,0.29411764705882354,3,3,7,0.13580246913580246
128,CC(=O)N(CCc1noc(C(C)C2OCCN2)n1)Cc1ccccc1,0.5,3,1,7,0.10465116279069768
129,CC(=O)NC(CC(=O)Nc1cnn(CC(F)(F)F)c1)c1ccc(C)o1,0.4,2,2,7,0.09523809523809523
130,CC(=O)NC(Cc1c[nH]c2ccccc12)c1nc(C2(C(N)=O)CCC2)no1,0.3684210526315789,4,4,8,0.125
131,CC(=O)NC(Cc1c[nH]cn1)C(=O)N1CCCc2ccc(CN)nc21,0.4117647058823529,3,4,8,0.10227272727272728
132,CC(=O)NCC(=O)NCc1nc(C2CC(C)(C)c3ccccc3O2)no1,0.4444444444444444,3,2,8,0.11904761904761904
133,CC(=O)NCCN(Cc1ccc(Br)s1)C(=O)c1ccnc(OCC(F)F)c1,0.35294117647058826,2,1,6,0.11494252873563218
134,CC(=O)c1cn(C2CN(C(=O)C3CCNC3=O)C2)nc1-c1ccccc1,0.3684210526315789,4,1,7,0.0963855421686747
135,CC(NC(=O)C1CCCc2nn[nH]c21)C(O)c1c(F)cccc1Cl,0.4375,3,3,6,0.11627906976744186
136,CC(Oc1cccc(Br)c1)C(=O)NCc1ccncc1OCCCN,0.3333333333333333,2,3,6,0.11904761904761904
137,CC1C(C(=O)Nc2nnc(Cc3cccc(F)c3)s2)CCN1C,0.4375,3,1,5,0.09411764705882353
138,CC=CCNC(=O)NC(C)c1nc(-c2ccc(F)c(C)c2)no1,0.3125,2,2,6,0.10714285714285714
139,CCN(C)C(=O)C(C)Nc1cnn(-c2ncc(C(F)(F)F)cc2)c1C,0.4375,2,1,6,0.08235294117647059
140,CCN(C)C(=O)C(NC(=O)c1csc(C(F)(F)F)n1)c1ccc(F)cc1,0.3125,2,1,5,0.08433734939759036
141,CCN(CCc1nccs1)C(=O)Nc1ccc(C(=O)NC)nc1,0.3333333333333333,2,2,7,0.1111111111111111
142,CCN(Cc1ccc(C(=O)N(C)C)cc1)C(=O)Cn1ncn(C)c1=O,0.4117647058823529,2,0,8,0.09090909090909091
143,CCN1C(=O)C(C)(C)N=C(Cl)N1c1ccc(C(=O)O)cn1,0.38461538461538464,2,1,7,0.136986301369863
145,CCNC(=O)CN(Cc1ccc(C(=O)OC)o1)Cc1scnc1C,0.4375,2,1,7,0.12195121951219512
146,CCOc1ncccc1CNC(=O)c1ccoc1C1(O)CCCC1,0.4444444444444444,3,2,6,0.15
147,CCc1c(C(=O)N2CCC(c3ncc[nH]3)CC2)cnn1CC(C)COC,0.631578947368421,3,1,7,0.07692307692307693
148,CCc1c(C(=O)N2CCCC(n3ccc(C(=O)O)n3)C2)[nH]c2ccccc12,0.35,4,2,7,0.07777777777777778
149,CCc1c(C(=O)NCC2(O)CCC(F)(F)CC2)cnn1-c1ccccn1,0.5,3,2,6,0.12048192771084337
150,CCc1onc(C)c1C(=O)NC1CC(=O)N(Cc2cccc(C(F)(F)F)c2)C1,0.42105263157894735,3,1,6,0.09782608695652174
151,CCn1nncc1C(=O)NC(c1cccc(OC)c1)C1CC1C(=N)O,0.4117647058823529,3,3,8,0.11363636363636363
152,CN(CC(O)C(F)(F)F)C(=O)c1cccc(Cn2ccnc2C)c1,0.375,2,1,5,0.07058823529411765
153,CN(CCCN)C(=O)C(=O)c1cnn(-c2cccc(Cl)c2)c1,0.26666666666666666,2,2,6,0.11392405063291139
154,CN(Cc1cc(Br)cn1C)C(=O)COc1cccc(NC(=O)C2CC2)c1,0.3684210526315789,3,1,6,0.13095238095238096
155,CN1CCC(C)(C(=O)Nc2nnc(Cc3cccc(F)c3)s2)C1=O,0.375,3,1,6,0.13095238095238096
156,CN1CCOC(C(NCc2nnc(C3CC3)o2)c2ccc(F)cc2)C1=O,0.5,4,1,7,0.09195402298850575
157,CNC(=O)C(C)NC(=O)c1cnc(SC)n1-c1cccc(Cl)c1,0.26666666666666666,2,2,6,0.12658227848101267
158,CNC(=O)C(CNC(=O)c1cccc(OCC(F)(F)F)n1)Cc1ccc(F)cc1,0.3157894736842105,2,2,6,0.10588235294117647
159,CNC(=O)CC(NC(=O)c1ccc2nc(C)sc2c1)c1cccnc1,0.2222222222222222,3,2,6,0.08045977011494253
160,CNC(=O)CCNC(=O)c1cnn(-c2ncccc2Cl)c1C,0.2857142857142857,2,2,7,0.1125
161,CNC(=O)Cn1nc(NC(=O)CSc2ccc(O)cc2)cc1C,0.26666666666666666,2,3,7,0.08974358974358974
162,COC1(CNc2ccnc(C(=O)NCCc3ccc(C)cc3)n2)CCC1,0.45,3,2,6,0.14814814814814814
163,COC1CC(c2nc(C)no2)N(C(=O)CCc2cccc(N)c2)C1,0.47058823529411764,3,2,7,0.10227272727272728
164,COC1CN(C(=O)c2onc3c2CCc2ccccc23)CC1CNC,0.47368421052631576,4,1,6,0.11904761904761904
165,COc1cc(C#N)ccc1C(=O)NCCn1cnnc1C1CCCNC1,0.4444444444444444,3,2,8,0.10869565217391304
166,COc1ccc(C(=O)NCC(=O)NCC(F)(F)F)cc1-c1ccccn1,0.23529411764705882,2,2,6,0.0963855421686747
167,COc1ccc(C2(C(=O)NCc3nc(C(F)(F)F)n[nH]3)CCOCC2)cc1,0.47058823529411764,3,2,7,0.25333333333333335
168,COc1cccnc1CC(=O)Nc1cc(C(=O)N2CCCCC2)ccc1C,0.38095238095238093,3,1,6,0.10588235294117647
169,CSCc1cccnc1C(=O)NCCCNc1ccc(C)cn1,0.35294117647058826,2,2,5,0.09876543209876543
170,CSc1c(C(=O)NC(C)c2cccc(OCCN(C)C)c2)cnn1C,0.4444444444444444,2,1,6,0.10344827586206896
171,Cc1c(C(=O)NC2CC2)nnn1-c1cccc(C(=O)NC2CC2)c1,0.4117647058823529,4,2,7,0.10666666666666667
172,Cc1c(C(=O)NCC(C)(CO)c2ccco2)nn2c1OCCC2,0.5,3,2,7,0.11764705882352941
173,Cc1c(C2OCCC2C(=O)NC(C)(C)c2ncc[nH]2)cnn1C,0.5625,3,2,7,0.10588235294117647
175,Cc1cc(C(=O)NC2CCCCC2C(N)=O)nn1-c1cccc(F)c1,0.3888888888888889,3,3,6,0.10843373493975904
176,Cc1cc(F)ccc1C1CCCN1C(=O)c1cc(CN2CCCC2)on1,0.5,4,0,5,0.12048192771084337
177,Cc1cc(N2CCN(C(=O)c3cccc(O)c3O)CC2)ncc1Br,0.29411764705882354,3,2,6,0.10256410256410256
178,Cc1cc(O)cc(=O)n1CC(C)C(=O)N1CC(=O)Nc2cccnc21,0.29411764705882354,3,2,8,0.09302325581395349
179,Cc1ccc(C(C)C)c(OCC(=O)N2CCOC(c3nc[nH]n3)C2)c1,0.5,3,1,7,0.12941176470588237
180,Cc1ccc2c(c1)C(NC(=O)Cc1noc(C3CCC(=O)N3)n1)C(C)(C)C2,0.5,4,2,7,0.11363636363636363
181,Cc1ccnc(C(C)N2CCC(C(=O)Nc3ccc(Cl)cc3)C2=O)n1,0.3333333333333333,3,1,6,0.1794871794871795
182,Cc1nc(-c2ccccn2)sc1CC(=O)NCC(=O)NCC(F)F,0.3333333333333333,2,2,6,0.08433734939759036
183,Cc1nc(-c2cnn(C)c2)sc1C(=O)N1CC(=O)N(CCC(F)(F)F)C1,0.4666666666666667,3,0,7,0.06818181818181818
184,Cc1nc(COc2ccc(Cl)cc2)sc1C(=O)N1CCCC1C(C)O,0.4444444444444444,3,1,5,0.20253164556962025
185,Cc1nc(NC(=O)C2CCNC(=O)C2)sc1-c1ccc(F)cc1Cl,0.3125,3,2,5,0.11904761904761904
186,Cc1nn(-c2cccc(C(F)(F)F)c2)c(C)c1C(=O)NCCC(=O)NC,0.35294117647058826,2,2,6,0.08333333333333333
187,Cc1nnc2n1CC(CNC(=O)c1cc(N3CCNC3=O)ccc1F)CC2,0.4444444444444444,4,2,8,0.1111111111111111
188,Cc1noc(C)c1CN(C)C(=O)c1coc(CN2CCCC2=O)c1,0.47058823529411764,3,0,7,0.08045977011494253
189,Cc1ocnc1CNC(=O)CC(c1ccc(OC)cc1)N1CCCC1=O,0.42105263157894735,3,1,7,0.1411764705882353
190,Cn1c(C(=O)NCCCN2CCCCC2=O)cc2c(=O)n3ccccc3nc21,0.4,4,1,8,0.10112359550561797
191,Cn1c(S)nnc1CNC(=O)C(C)(C)c1cccc(F)c1,0.35714285714285715,2,1,5,0.08860759493670886
192,CC(=O)N1CC(c2nc(C(C)NC(=O)c3ccc(Br)s3)no2)C1,0.42857142857142855,3,1,7,0.12345679012345678
193,CC(=O)N1CCC(COC(=O)c2cc(-c3ccc(C)o3)n[nH]2)CC1,0.47058823529411764,3,1,7,0.10843373493975904
194,CC(=O)N1CCC(NC(=O)c2nn(-c3cccc(C(F)(F)F)c3)cc2O)C1,0.35294117647058826,3,2,7,0.09090909090909091
195,CC(=O)N1CCC(c2nc(-c3cccc(C(=O)NC4CC4)c3)no2)C1,0.4444444444444444,4,1,7,0.10714285714285714
196,CC(=O)N1CCCC(O)(c2nc(CC(=O)Nc3cccc(C(F)(F)F)c3)no2)C1,0.4444444444444444,3,2,8,0.12087912087912088
197,CC(=O)N1CCc2ccc(S(=O)(=O)NCC(C)c3nccs3)cc2C1,0.4117647058823529,3,1,6,0.14457831325301204
198,CC(=O)NC(CC(=O)Nc1ccn(-c2ncccc2C(F)(F)F)n1)C(F)(F)F,0.3333333333333333,2,2,7,0.08139534883720931
199,CC(=O)NC(CCC(N)=O)c1nc(-c2cc(C)ccc2NC(C)C)no1,0.4444444444444444,2,4,8,0.09302325581395349
200,CC(=O)NC1CN(C(=O)c2ccc(-c3ccco3)nc2O)CC1C,0.35294117647058826,3,2,7,0.10975609756097561
201,CC(=O)NCC(C)(C)C(=O)Oc1ccc(-c2nncn2C)cc1,0.375,2,1,7,0.13333333333333333
202,CC(=O)NCC(O)Cn1cc(C(C)(O)c2ccc(Cl)cc2)nn1,0.4,2,3,7,0.17333333333333334
203,CC(=O)NCC1CCN(C(=O)c2nn(-c3ccc(C)cc3)ccc2=O)C1,0.3684210526315789,3,1,7,0.09523809523809523
204,CC(=O)NCCN(C)C(=O)c1cc(-c2cccc(C#N)c2)nc2onc(C)c12,0.25,3,1,8,0.08695652173913043
205,CC(=O)NCCNC(=O)c1nc(C)n(-c2cccc(F)c2)n1,0.2857142857142857,2,2,7,0.08974358974358974
206,CC(=O)c1cccc(-c2nnc(SC(C(=O)N3CCNC3=O)C(C)C)o2)c1,0.3888888888888889,3,1,8,0.09090909090909091
207,CC(NC(=O)CC1(O)CCC1)c1nc(-c2ccc(Cl)cc2)no1,0.4375,3,2,6,0.2191780821917808
208,CC(O)CNS(=O)(=O)c1cc(-c2cc(C#N)ncc2Cl)ccc1N,0.2,2,4,7,0.14814814814814814
209,CC1(C)CNC(=O)c2c(C(=O)N3CCc4ccnc(O)c4C3)coc2C1,0.42105263157894735,4,2,7,0.10227272727272728
210,CC1(C)NC(=O)N(Cc2nc(Cc3cccc(Cl)c3)no2)C1=O,0.3333333333333333,3,1,7,0.1125
211,CC1CN(C(=O)c2cn(C)c(=O)nc2O)C1c1cccc(Cl)c1,0.3125,3,1,6,0.125
212,CC1NC(=O)CCC1NC(=O)c1nnn(Cc2ccc(C(F)(F)F)cc2)c1C(F)(F)F,0.4444444444444444,3,2,7,0.12790697674418605
213,CCC1C(=O)NCCN1C(=O)c1cc(-c2ccc(C)c(C)c2)no1,0.3888888888888889,3,1,6,0.10843373493975904
214,CCC1CN(C(=O)c2cn(-c3cccc(Cl)c3)nn2)CC1N1CCOCC1,0.5263157894736842,4,0,7,0.1728395061728395
215,CCN(CC(N)=O)C(=O)c1cnn(-c2ncccc2Cl)c1C(F)F,0.2857142857142857,2,2,7,0.10714285714285714
216,CCN(CCc1noc(C(C)NC(=O)c2ccc(Br)s2)n1)C(=O)CC,0.5,2,1,7,0.10588235294117647
218,CCN1CCN(Cc2nc(CC(=O)Nc3ccc(Br)cc3)no2)CC1=O,0.4117647058823529,3,1,8,0.13095238095238096
219,CCNC(=O)C(C)(C)NC(=O)c1nnn(-c2cccc(F)c2)c1C(F)(F)F,0.375,2,2,7,0.08235294117647059
220,CCNC(=O)C(C)NC(=O)c1ccc(-c2nnc(C)o2)cc1,0.3333333333333333,2,2,7,0.10666666666666667
221,CCNC(=O)CNC(=O)c1ccc(=O)n(Cc2csc(C)n2)c1,0.3333333333333333,2,2,7,0.09876543209876543
222,CCNC(=O)CNC(=O)c1ccc(SCc2noc(C)n2)cc1,0.3333333333333333,2,2,7,0.10256410256410256
223,CCNC(=O)NC1(c2nnc(COc3ccc(C)cc3)o2)CCC1,0.47058823529411764,3,2,7,0.18421052631578946
224,CCc1c(C(=O)N2CCC3(CNC(=O)C3)C2)nnn1-c1cccc(F)c1,0.4444444444444444,4,1,7,0.1
225,CCn1c(CNC(=O)OC(C)(C)C)nnc1N1Cc2ccc(O)cc2C1,0.5,3,2,8,0.13580246913580246
226,CCn1c(SC(C)C(=O)NC(N)=O)nnc1-c1ccc(C)cc1,0.3333333333333333,2,3,7,0.1038961038961039
227,CN(CC(C)(C)C(=O)O)C(=O)c1cc(-c2csc(Cl)n2)[nH]n1,0.38461538461538464,2,2,7,0.1
228,CN1CC(CNC(=O)c2cnn(-c3cccc(Cl)c3)n2)C(C)(C)C1=O,0.4117647058823529,3,1,7,0.14634146341463414
229,CNC(=O)CCN(C)C(=O)c1ccc(-n2nc(C)cc2C)nc1,0.375,2,1,7,0.0875
230,CNC(=O)CCN(C)C(=O)c1nnn(-c2ccc(Br)cc2)c1C(F)(F)F,0.3333333333333333,2,1,7,0.0975609756097561
231,CNC(=O)CCN(C)C(=O)c1nnn(-c2cccc(Br)c2)c1C(F)(F)F,0.3333333333333333,2,1,7,0.09411764705882353
232,CNC(=O)CCNC(=O)c1nnn(-c2cccc(Br)c2)c1C(F)(F)F,0.2857142857142857,2,2,7,0.09523809523809523
233,CNS(=O)(=O)C1CCN(Cn2nc(-c3ccc(F)cc3)n(C)c2=S)C1,0.4666666666666667,3,1,7,0.10843373493975904
234,COC(CN)CC(=O)Nc1cc(C(F)(F)F)ccc1-c1nc(C)no1,0.4,2,3,7,0.10588235294117647
235,COCC(C)NC(=O)CSc1nnc(-c2cccc(N(C)C)c2)n1N,0.4375,2,3,8,0.09090909090909091
236,COc1cc(C#N)ccc1C(=O)N1CCCC(c2nnc(S)n2CC)C1,0.4444444444444444,3,0,7,0.08888888888888889
237,COc1cc(C#N)ccc1Oc1ccc(C(=O)NC2CNCC2C)cn1,0.3157894736842105,3,2,7,0.12941176470588237
238,COc1ccc(C2(C(=O)NCc3nc(C(N)=O)cs3)CCC2)cc1,0.35294117647058826,3,3,6,0.18421052631578946
239,COc1ccc(C2CC2)c(CN(C)Cc2nc(C(C)OC)no2)c1,0.5555555555555556,3,0,6,0.0975609756097561
240,COc1ccc2onc(NC(=O)c3c[nH]ccc3=NC(=O)NC(C)C)c2c1,0.2222222222222222,3,3,9,0.12643678160919541
241,Cc1c(C(=O)N(C)Cc2ccc(SC)cc2)nnn1CC(=O)NC1CC1,0.4444444444444444,3,1,7,0.10714285714285714
243,Cc1c(C(=O)NCC2CCCNC2=O)nnn1Cc1ccc(F)cc1,0.4117647058823529,3,2,7,0.13095238095238096
244,Cc1cc(C(=O)N2CCC(O)(C(F)(F)F)C2)nc(-c2ccc(Cl)cc2)n1,0.35294117647058826,3,1,5,0.18421052631578946
245,Cc1ccc(-c2cncc(C(=O)NCC3CCCC34NC(=O)NC4)c2)o1,0.42105263157894735,4,3,7,0.12359550561797752
246,Cc1ccc(-c2n[nH]c(C)n2)c(NC(=O)CSC(C)C(=O)N(C)C)c1,0.4117647058823529,2,2,7,0.09523809523809523
247,Cc1ccc(-c2nc(C(=O)NC3CC(C(N)=O)C3)cs2)cc1F,0.3125,3,3,5,0.09876543209876543
248,Cc1ccc(-c2nnc(S)n2CC(=O)NCCC(O)C(F)(F)F)cc1,0.4,2,2,6,0.08641975308641975
249,Cc1ccc(-n2ccnc2)c(C(=O)NCCNC(=O)C2CC2)c1,0.35294117647058826,3,2,6,0.11392405063291139
250,Cc1ccc(CC(C)(C)NC(=O)c2coc(CC(=O)O)n2)cc1,0.35294117647058826,2,2,6,0.12
251,Cc1ccc(CC2(CNC(=O)c3cnn(CC(=O)NC4CC4)c3)CC2)cc1,0.47619047619047616,4,2,6,0.13414634146341464
252,Cc1cncn1CC(=O)N1CCOCC1Cc1c(F)cccc1Cl,0.4117647058823529,3,0,5,0.1411764705882353
253,Cc1nc(-c2ccco2)ccc1C(=O)NC1CCC(C(N)=O)CC1,0.3888888888888889,3,3,6,0.11392405063291139
254,Cc1oc(-c2cccc(C(F)(F)F)c2)nc1C(=O)N1CCC(CO)C(O)C1,0.4444444444444444,3,2,6,0.11363636363636363
255,Cn1nc(OCC(F)(F)F)cc1CN1CC(=O)N(C)C1c1ccc(F)cc1,0.4117647058823529,3,0,6,0.08235294117647059
256,C=C(C)CN(Cc1ccc(CO)o1)C(=O)COc1ccc(C)cc1O,0.3157894736842105,2,2,6,0.1125
257,CC(=O)N1CC(NC(=O)c2cn(C)nn2)C(c2cccc(Cl)c2)C1,0.375,3,1,7,0.1518987341772152
258,CC(=O)N1CCC(NC(=O)c2nnn(-c3cccc(Br)c3)c2C)C1,0.375,3,1,7,0.10714285714285714
259,CC(=O)N1CCCC(c2nnc(NC(=O)Cc3ccoc3)s2)C1,0.4666666666666667,3,1,7,0.11904761904761904
260,CC(=O)NC(C)(C)C(=O)Nc1nnc(C2CCCc3ccccc3O2)s1,0.4444444444444444,3,2,7,0.10588235294117647
261,CC(=O)NC(CC(=O)N1CCn2c(C)nnc2C1)c1ccc(Br)cc1,0.4117647058823529,3,1,7,0.1111111111111111
262,CC(=O)NC(CC(=O)Nc1ncc(C)c(-c2ccco2)n1)C(F)(F)F,0.3333333333333333,2,2,7,0.09411764705882353
263,CC(=O)NCC(C)(C)c1nc(CC(=O)Nc2ccc(C)cc2)no1,0.4117647058823529,2,2,7,0.10256410256410256
264,CC(=O)NCC1CCn2ncc(C(=O)N3CCC(c4nccn4C)C3)c2C1,0.5789473684210527,4,1,8,0.07608695652173914
265,CC(=O)NCC1CN(C(=O)c2cc(C)n(-c3ccccn3)c2C)CCO1,0.42105263157894735,3,1,7,0.12790697674418605
266,CC(=O)NCCN(C)C(=O)c1nnn(-c2cccc(Br)c2)c1C,0.3333333333333333,2,1,7,0.0975609756097561
267,CC(=O)NNC(=O)C(C)Sc1nc(O)cc(C(F)(F)F)n1,0.4,1,3,7,0.1095890410958904
268,CC(CC(=O)Nc1cc(C2CCCO2)[nH]n1)N(C)Cc1ccccc1F,0.47368421052631576,3,2,6,0.1111111111111111
269,CC(CNc1cccc(-c2nnc3n2CCCCC3)c1)CC(=O)O,0.5,3,2,6,0.10843373493975904
270,CC1(NC(=O)c2nc(NCc3ccco3)ncc2Cl)CCOCC1,0.4375,3,2,7,0.22666666666666666
271,CCC1(C(=O)Nc2nnc(Cc3ccc(C)cc3)s2)CCNC1=O,0.4117647058823529,3,2,6,0.13924050632911392
272,CCCN(Cc1ncc(-c2cccc(C#N)c2)o1)CC1(O)CCOC1,0.47368421052631576,3,1,6,0.13953488372093023
273,CCN(C)C(=O)C(C)NC(=O)c1cc(COc2ccc(Cl)cc2)on1,0.35294117647058826,2,1,7,0.21333333333333335
274,CCN(Cc1nccn1C)C(=O)Cc1ccc2c(c1)NC(=O)C2=O,0.29411764705882354,3,1,7,0.10843373493975904
275,CCN1C(=O)CC(C(=O)N2CCCc3n[nH]cc32)C1c1ccc(F)cc1,0.42105263157894735,4,1,6,0.09090909090909091
276,CCN1CC(C(=O)Nc2cnn(Cc3ccc(Cl)cc3)c2)CC1=O,0.35294117647058826,3,1,6,0.18181818181818182
277,CCNC(=O)C(CO)NCc1cnn(-c2cccc(Cl)c2)n1,0.35714285714285715,2,3,7,0.14102564102564102
278,CCNC(=O)C1CN(C(=O)Cn2ccc(=O)n(C)c2=O)c2ccccc21,0.3333333333333333,3,1,8,0.0963855421686747
279,CCNC(=O)CCNC(=O)c1nnn(-c2cccc(Br)c2)c1C,0.3333333333333333,2,2,7,0.09876543209876543
280,CCNC(=O)CN(C)C(=O)c1ccc(Oc2ccc(C#N)cn2)cc1,0.2222222222222222,2,1,7,0.15384615384615385
281,CCNC(=O)CN(C)C(=O)c1ccc(SCc2nc(C)no2)cc1,0.375,2,1,7,0.09876543209876543
282,CCNC(=O)CNC(=O)CCc1nc(-c2cc(Br)cs2)no1,0.38461538461538464,2,2,7,0.1
283,CCNC(=O)CNC(=O)c1ccc(-n2nc(C)cc2C)c(F)c1,0.3125,2,2,6,0.10256410256410256
284,CCOc1ccc(Cl)c(NC(=O)CCn2c(S)nnc2C)c1,0.35714285714285715,2,1,6,0.15384615384615385
285,CCn1ccnc1C1OCCC1NC(=O)Cc1ccc2c(c1)NC(=O)C2,0.42105263157894735,4,2,7,0.13793103448275862
286,CN(CC(N)=O)C(=O)c1cccnc1SCc1ccc(C#N)cn1,0.1875,2,2,7,0.08235294117647059
287,CN(CCCF)C(=O)Nc1nnc(Cc2ccc(Cl)cc2)s1,0.35714285714285715,2,1,5,0.1917808219178082
288,CN1C(=O)CCC(C(=O)Nc2nnc(C=Cc3ccco3)s2)C1,0.3333333333333333,3,1,7,0.10588235294117647
289,CN1CC(C(=O)Nc2ccc(Oc3ccc(C#N)cc3)nc2)NC1=O,0.17647058823529413,3,2,8,0.1625
290,CNC(=O)C1CCCc2sc(NC(=O)COc3cccnc3)nc21,0.375,3,2,7,0.11494252873563218
291,CNC(=O)CCN(C)C(=O)c1nnn(-c2cccc(Br)c2)c1C,0.3333333333333333,2,1,7,0.09876543209876543
292,CNC(=O)CCNC(=O)c1cnn(-c2ncccc2Cl)c1C(F)F,0.2857142857142857,2,2,7,0.13414634146341464
293,COC(c1cccc(Cl)c1)c1noc(CCNC(=O)CN)n1,0.35714285714285715,2,3,7,0.14814814814814814
294,COc1cc(C#N)ccc1C(=O)N1CCCC(c2ccnc(NCCO)n2)C1,0.4,3,2,8,0.09473684210526316
295,COc1cc(Cc2nc(CC(=O)N3CCNC(=O)C3)co2)ccc1C,0.3888888888888889,3,1,7,0.12643678160919541
296,COc1ccc(C(=O)NC(Cc2ccccc2C(F)(F)F)C(=O)N(C)C)nn1,0.3333333333333333,2,1,7,0.0963855421686747
297,COc1ccc(NC(=O)NC(C)(C)COCc2ccccn2)cc1Cl,0.3333333333333333,2,2,6,0.13580246913580246
298,Cc1c(C(=O)N(CCO)CC(C)(C)C)nnn1Cc1ccc(F)cc1,0.5,2,1,6,0.1
299,Cc1c(C(=O)NC2CCC(C(N)=O)C2)nnn1Cc1ccc(F)cc1,0.4117647058823529,3,3,7,0.12345679012345678
300,Cc1c(NC(=O)C2CCCN2CC(F)(F)F)nnn1CCOc1ccc(F)cc1,0.5,3,1,7,0.12359550561797752
301,Cc1cc(CN(C)C)cc(NC(=O)C2(n3cnnn3)CCOCC2)c1,0.5294117647058824,3,1,8,0.19230769230769232
302,Cc1ccc(C=CC(=O)Nc2ncn(C3CCCNC3=O)n2)c(Br)c1,0.29411764705882354,3,2,7,0.1
303,Cc1ccc(CCC(=O)N(Cc2nc(C(=O)NC3CC3)ccc2O)CC(F)F)s1,0.45,3,2,6,0.1
304,Cc1ccc(NC(=O)N2CCCC(c3nnc4n3CCCCC4)C2)c(F)c1,0.55,4,1,6,0.11627906976744186
305,Cc1ccc(NC(=O)N2CCCC(c3nncn3C3CC3)C2)c(C(=O)O)c1,0.47368421052631576,4,2,8,0.10588235294117647
306,Cc1ccc(O)c(C(=O)NCc2ccncc2OCCCN(C)C)c1,0.3684210526315789,2,2,6,0.10843373493975904
307,Cc1ccc(O)cc1C(=O)N1CCC(C(=O)Nc2nncs2)CC1,0.375,3,2,7,0.09876543209876543
308,Cc1ccc(OCC(=O)N2CC(OC)CC2Cc2nc(=N)[nH][nH]2)cc1,0.47058823529411764,3,3,8,0.11904761904761904
309,Cc1ccc(OCC(=O)NC(c2ncc[nH]2)C(C)(C)CO)cc1C,0.4444444444444444,2,3,6,0.12658227848101267
310,Cc1ccc(S(=O)(=O)NCCCN(C)C)c(-c2nn[nH]n2)c1,0.46153846153846156,2,2,8,0.0875
311,Cc1nc(N2CCCC(O)(CC(=O)NC3CC3)C2)ccc1-c1ccc(F)cc1,0.45454545454545453,4,2,5,0.11627906976744186
312,Cc1nc(SCC(=O)NCCO)c2c(N3CCc4ccc(F)cc4CC3)cccc2n1,0.34782608695652173,4,2,6,0.0851063829787234
313,Cc1nnc(SCC(=O)Nc2ccc(C(=O)N(C)C)cc2)n1C1CC1,0.4117647058823529,3,1,7,0.09876543209876543
314,Cc1noc2nc(-c3ccco3)cc(C(=O)NC3CC(=O)N(C4CC4)C3)c12,0.3684210526315789,5,1,8,0.09782608695652174
315,Cn1c(N2CCC(NC(=O)O)C2c2ccc(C#N)cc2)nc2cccnc21,0.2631578947368421,4,2,8,0.0898876404494382
316,O=C(CSc1nnc(-c2cccc(Cl)c2)o1)NC1CCC1O,0.35714285714285715,3,2,6,0.1518987341772152
317,O=C(Cn1[nH]cc2c(=S)ncn1-2)N1CCC(c2cccc(C(F)(F)F)c2)C1=O,0.29411764705882354,4,1,7,0.07526881720430108
318,O=C(Cn1c(=O)cc(C(F)(F)F)c2ccccc21)NCC1(O)CCC(F)(F)CC1,0.47368421052631576,3,2,5,0.13924050632911392
319,CC(=NNCC(=O)O)c1nc2cc(Br)ccc2n(CC2CC2)c1=O,0.375,3,2,7,0.10588235294117647
320,CC(=O)N(C)Cc1cn(C(C)C(=O)NCc2ccc(C)cc2)nn1,0.4117647058823529,2,1,7,0.11392405063291139
321,CC(=O)N(Cc1ccc(NC(=O)CCn2ncn(C)c2=O)cc1)C1CC1,0.4444444444444444,3,1,8,0.12345679012345678
322,CC(=O)N1CC2CCCC2(NC(=O)c2cc3c(=O)n4ccccc4nc3n2C)C1,0.42857142857142855,5,1,8,0.10869565217391304
323,CC(=O)N1CCCC1C(=O)Nc1cnn(Cc2ccc(C#N)cc2)c1,0.3333333333333333,3,1,7,0.13253012048192772
324,CC(=O)NC(CC(=O)NCc1nc(C(F)(F)F)no1)c1ccc(Br)cc1,0.3333333333333333,2,2,7,0.10975609756097561
325,CC(=O)NC(CC(=O)Nc1ccc(-c2ccc(Br)s2)nn1)C(F)(F)F,0.2857142857142857,2,2,6,0.09876543209876543
326,CC(=O)NCC1CCN(C(=O)c2cn(-c3cccc(C#N)c3)nn2)CC1,0.3888888888888889,3,1,8,0.09090909090909091
327,CC(=O)NCCN(Cc1ccc(Cl)cc1C)C(=O)c1ncccc1F,0.2777777777777778,2,1,5,0.13414634146341464
328,CC(=O)Nc1ccn(C2CCN(C(=O)C3CCCc4cccnc43)C2)n1,0.47368421052631576,4,1,7,0.10227272727272728
329,CC(=O)c1oc2cc(C)ccc2c1CC(=O)NC1CCCCC1NC(=O)c1cocn1,0.391304347826087,4,2,8,0.11363636363636363
330,CC(CNC(=O)c1n[nH]c2c1COc1ccccc1-2)N1CCCCC1=O,0.42105263157894735,4,2,7,0.11235955056179775
331,CC(NC(=O)C1CCCc2c(O)cccc21)c1cc(Br)ncn1,0.35294117647058826,3,2,5,0.10843373493975904
332,CC(NC(=O)O)C(C)Cc1nc(Cc2ccc(Br)cc2)no1,0.4,2,2,6,0.13333333333333333
333,CC(O)CN(CCc1nnc(-c2cccc(Cl)c2)o1)CC(=O)O,0.4,2,2,7,0.12345679012345678
334,CC(O)CNC(=O)C(C)Sc1nnc(Nc2cccc(C)c2)s1,0.4,2,3,6,0.1111111111111111
335,CC(c1ccc(Cl)cc1)N(CC(=O)NCC(=O)O)c1ccccn1,0.23529411764705882,2,2,6,0.16
336,CC1CC(c2ccc(Br)cc2)CN1C(=O)c1ccc(=O)n(CC(N)=O)n1,0.3333333333333333,3,2,7,0.0975609756097561
337,CC1NC(=O)CCC1NC(=O)c1ccc(=O)n(-c2ccc(Cl)cc2)n1,0.29411764705882354,3,2,7,0.18421052631578946
338,CCN(CC)C(=O)CC(=O)Nc1cnc(-c2ccc(Cl)s2)nc1,0.3333333333333333,2,1,6,0.12162162162162163
339,CCN1CC(=O)N(Cc2ccc(-n3nc(C)cc3C)nc2)C1=O,0.375,3,0,7,0.07407407407407407
340,CCN1CCc2ncnc(NCCCN3C(=O)COc4ccccc43)c2C1,0.45,4,1,7,0.07608695652173914
342,CCNC(=O)C1CN(C(=O)c2sc(NC)nc2C)CC1c1ccco1,0.47058823529411764,3,2,7,0.10227272727272728
343,CCNC(=O)CNC(=O)c1nnn(-c2ccc(Br)cc2F)c1CC,0.3333333333333333,2,2,7,0.0975609756097561
344,CCNS(=O)(=O)c1c[nH]c(C(=O)N2CCCC(c3nccs3)C2)c1,0.4666666666666667,3,2,7,0.11494252873563218
345,CCNc1nc(C)c(C(=O)OCCN2CCc3cccnc3C2)s1,0.47058823529411764,3,1,6,0.10112359550561797
346,CCc1c(C(=O)NC2CCC(=O)NC2c2cccnc2)cnn1C,0.4117647058823529,3,2,7,0.10344827586206896
347,CCn1cc(CC(=O)N2CCCCC2C(=O)Nc2cccnc2)cn1,0.4444444444444444,3,1,7,0.10344827586206896
348,CN(C)C(=O)C1CC1c1nc(CNC(=O)c2ccc(Br)s2)no1,0.42857142857142855,3,1,7,0.12048192771084337
349,CN(C)C(=O)CC(NC(=O)c1ccc(Cl)nn1)c1ccccc1,0.25,2,1,6,0.12162162162162163
350,CN(CC(O)COc1ccc(CC#N)cc1)C(=O)c1ccnn1C(F)F,0.35294117647058826,2,1,7,0.13253012048192772
351,CN(CCC(N)=O)C(=O)c1nnn(-c2cccc(Br)c2)c1C(F)(F)F,0.2857142857142857,2,2,7,0.08333333333333333
352,CN1CCOCC1CNC(=O)c1cnn(-c2ncccc2Cl)c1C(F)F,0.4375,3,1,7,0.1744186046511628
353,CNC(=O)C1Cn2c(C)nnc2CN1Cc1cc(CC)ccc1F,0.47058823529411764,3,1,6,0.11904761904761904
354,CNC(=O)CC(C)NC(=O)c1ccc(C)c(-c2nnc(C)o2)c1,0.375,2,2,7,0.10126582278481013
355,CNC(=O)CC(NC(=O)c1cc(C)c(C)o1)c1cnn(C)c1,0.4,2,2,7,0.1
356,CNC(=O)CCN(C)C(=O)c1cnn(-c2nc(CC)cs2)c1,0.42857142857142855,2,1,7,0.08433734939759036
357,CNC(=O)CCNC(=O)c1cc(C)n(Cc2ccccn2)c1C,0.35294117647058826,2,2,6,0.1
358,CNC(=O)CCNC(=O)c1cnn(-c2ncccc2Cl)c1C(F)F,0.2857142857142857,2,2,7,0.13414634146341464
359,CNC(=O)NCCc1nc(CC(=O)Nc2cccc(Br)c2)no1,0.2857142857142857,2,3,8,0.10975609756097561
360,COC(c1cccc(Br)c1)C(C)NC(=O)c1cc(CN2CCCC2)on1,0.47368421052631576,3,1,6,0.12941176470588237
361,COCC(NC(=O)CCc1nc2c(=O)[nH]c(=O)n(C)c2n1C)C(F)(F)F,0.5714285714285714,2,2,9,0.06976744186046512
362,COCCN(CC(=O)NC)Cc1cc(=O)n2ccc(C)cc2n1,0.4375,2,1,7,0.10975609756097561
363,COCCn1c(NC(=O)CC2CCCN2)nc2cc(F)ccc21,0.5,3,2,6,0.10344827586206896
364,COCc1cccc(Cn2cc(NC3CCCC3CNC(=O)O)nn2)c1,0.5,3,3,8,0.11494252873563218
365,COc1c(Cl)cccc1NC(=O)N(C)CCCn1ccnc1C,0.375,2,1,6,0.13414634146341464
366,COc1cc(Br)ccc1CCC(=O)Nc1ncn(CC(=O)N(C)C)n1,0.375,2,1,8,0.10588235294117647
367,COc1cc(C=CC(=O)N2CCCC2CO)ccc1OCc1ccc(C)o1,0.38095238095238093,3,1,6,0.125
368,COc1ccc(C(=O)N2CCCC(O)(c3cnn(C)c3)C2)cc1Cl,0.4117647058823529,3,1,6,0.14814814814814814
370,Cc1c(C(=O)NCC2CNCCCO2)nnn1Cc1ccc(C(F)(F)F)cc1,0.5,3,2,7,0.14942528735632185
371,Cc1cc(C(=O)CN2CCCCC2C(=O)O)c(C)n1-c1nccs1,0.47058823529411764,3,1,6,0.08235294117647059
372,Cc1cc(C(=O)N2CC(O)CC2c2cccc(F)c2)nn1C1CCCCC1,0.5238095238095238,4,1,5,0.09302325581395349
373,Cc1ccc(-c2nnc(S)n2CC(=O)NC(C)COCC(F)(F)F)cc1,0.4375,2,1,6,0.0963855421686747
374,Cc1nc(CNC(=O)C2(C(=O)Nc3ccc(F)cc3)CC2)c(C)o1,0.35294117647058826,3,2,6,0.16216216216216217
375,Cc1nc(Sc2ccc(NC(=O)C3CC(O)CN3)cc2)ncc1-c1ccco1,0.25,4,3,7,0.0989010989010989
376,Cc1nnc(SCC(=O)Nc2cccc(C(=O)N(C)C)c2)s1,0.2857142857142857,2,1,6,0.0875
377,Cn1c(=O)n(CC(=O)NCC(CO)Cc2ccncc2)c2ccccc21,0.3157894736842105,3,2,7,0.08536585365853659
378,Cn1c(C(=O)N2CCCC(C(N)=O)C2)cc2c(=O)n3ccccc3nc21,0.3333333333333333,4,2,8,0.08045977011494253
379,Cn1c(CNC(=O)c2cccc(CC#N)c2)nnc1C1CCCNC1=O,0.3888888888888889,3,2,8,0.08602150537634409
380,N#Cc1c(F)cccc1N1CCN(C(=O)c2cnc(C3CC3)nc2N)CC1,0.3684210526315789,4,2,7,0.07954545454545454
382,N#Cc1ccc(Oc2ccc(C(=O)N3CCCC(C(N)=O)C3)cc2)nc1,0.2631578947368421,3,2,7,0.14814814814814814
383,CC(=O)N1CCC(N)(c2nc(CC(=O)Nc3ccc(Br)cc3)no2)C1,0.375,3,3,8,0.16049382716049382
384,CC(=O)NC(C)C(=O)Nc1cnc(Cc2ccc(Cl)cc2)nc1,0.25,2,2,6,0.18840579710144928
385,CC(=O)NC(C)c1ccc(S(=O)(=O)NCCc2nnc(C)s2)s1,0.46153846153846156,2,2,7,0.11392405063291139
386,CC(=O)NC(CC(=O)Nc1cccc(-c2ncc(Br)cn2)c1)C(F)(F)F,0.25,2,2,6,0.0975609756097561
387,CC(=O)NC1(c2noc(CC(=O)NCc3ccc(Br)cc3)n2)CCCCC1,0.47368421052631576,3,2,7,0.1794871794871795
388,CC(=O)NCC(C)(C)C(=O)Nc1cnn(-c2cccc(C(F)(F)F)c2)c1,0.35294117647058826,2,2,6,0.08433734939759036
389,CC(=O)NCC(C)(C)C(=O)Nc1nnc(-c2cccc(Cl)c2)s1,0.3333333333333333,2,2,6,0.12987012987012986
390,CC(=O)NCC1CCCN(C(=O)c2cnn(-c3cccc(Cl)c3)n2)C1,0.4117647058823529,3,1,7,0.12941176470588237
391,CC(=O)NCC1CN(C(=O)c2cn(-c3cccc(Cl)c3)nn2)CC1CO,0.4117647058823529,3,2,8,0.13253012048192772
392,CC(NC(=O)C1CC(=O)N(C)C1c1ccnn1C)c1ccc(Br)cn1,0.4117647058823529,3,1,7,0.13414634146341464
393,CC(Oc1ccc(-c2nc(CC(=O)N3CCNC3=O)cs2)cc1)C(F)(F)F,0.35294117647058826,3,1,6,0.13095238095238096
394,CC(Oc1ccc2c(c1)CCCC2)C(=O)NCC(O)c1ccccn1,0.4,3,2,5,0.16883116883116883
395,CC1(C)NC(=O)N(Cc2nc(-c3ccc(C#N)cc3Cl)no2)C1=O,0.26666666666666666,3,1,8,0.09523809523809523
396,CC1C(=O)N(Cc2csc(CC(=O)Nc3ccccc3)n2)C(=O)N1C,0.29411764705882354,3,1,7,0.10975609756097561
397,CC1CC(=O)NC(c2ccccn2)N(c2cc(Cl)cc(C(N)=O)c2)C1,0.2777777777777778,3,3,6,0.12048192771084337
398,CC1CC(c2cccc(F)c2)N(C(=O)COC(C)c2nc(N)n[nH]2)C1,0.47058823529411764,3,3,7,0.10112359550561797
399,CC1CCCC(C)N1NC(=O)Cc1csc(NC(=O)c2ccc(F)cc2)n1,0.42105263157894735,3,2,6,0.12195121951219512
400,CC1CN(Cn2nccc2NC(=O)c2cc(Br)ccc2F)CCC1=O,0.35294117647058826,3,1,6,0.1411764705882353
401,CC1CN(c2ccnc(C(F)(F)F)c2)CCN1C(=O)C(O)c1cncs1,0.4375,3,1,6,0.10344827586206896
402,CCC1C(=O)NCCN1C(=O)c1csc(-c2ccc(O)cc2)n1,0.3125,3,2,6,0.08433734939759036
403,CCN1C(=O)C2CN(c3nnc(-c4cccc(C#N)c4)n3CCO)CCN2C1=O,0.42105263157894735,4,1,10,0.07446808510638298
404,CCN1CCC(NC(=O)c2nn(-c3ccc(C)cc3F)c3c2CCC3)C1=O,0.45,4,1,6,0.10112359550561797
405,CCN1CCC(NC(=O)c2nn(-c3ccc(F)cc3)c3c2CCC3)C1=O,0.42105263157894735,4,1,6,0.09523809523809523
406,CCNC(=O)C(C)NC(=O)c1ccc(CSc2nccn2C)o1,0.4,2,2,7,0.12195121951219512
407,CCc1c(NC(=O)C(C)(C)NC(C)=O)nnn1-c1cccc(OC)c1,0.4117647058823529,2,2,8,0.10975609756097561
408,CCn1cc(CN(C)C(=O)c2cccn2C2CCC(O)CC2)cn1,0.5555555555555556,3,1,6,0.08536585365853659
409,CCn1ccnc1C=Cc1cc(C(=O)N2CC(O)(C(F)F)C2)ccc1O,0.3333333333333333,3,2,6,0.10465116279069768
410,CN(C)C(=O)CC(CNC(=O)c1coc2c1C(=O)CCC2)c1nccs1,0.4444444444444444,3,1,7,0.08888888888888889
411,CN(C)C(=O)CC(NC(=O)c1ccc(Cl)nn1)c1ccccc1,0.25,2,1,6,0.12162162162162163
412,CN(CCCN)C(=O)Nc1nnc(-c2c(F)cccc2Cl)s1,0.3076923076923077,2,3,6,0.12658227848101267
413,CN(CCc1cccc(Br)c1)C(=O)c1ncncc1C(=O)NC1CC1,0.3333333333333333,3,1,6,0.10465116279069768
414,CNC(=O)CCN(C)C(=O)c1cn(C)nc1-c1ccc(Cl)s1,0.35714285714285715,2,1,6,0.11538461538461539
415,CNC(=O)CCN(C)C(=O)c1cnn(-c2nc(CC)cs2)c1,0.42857142857142855,2,1,7,0.08433734939759036
416,CNC(=O)CCNC(=O)c1cccnc1Sc1ccc(Br)cn1,0.2,2,2,6,0.09876543209876543
417,CNC(=O)CN(C)C(=O)c1cc(C)n(Cc2ccccn2)c1C,0.35294117647058826,2,1,6,0.1
418,COC(CNC(=O)c1nn(-c2ccccc2C(F)(F)F)cc1O)CC(F)F,0.375,2,2,6,0.09302325581395349
419,COC(c1nc(-c2ccc(Br)s2)no1)C(C)C(=O)NCCO,0.46153846153846156,2,2,7,0.12195121951219512
420,COCCN(CC(=O)Nc1n[nH]c(C)c1C#N)Cc1ccoc1,0.4,2,2,8,0.10227272727272728
421,COCCN(CC(F)F)C(=O)Cc1csc(NC(=O)c2ccoc2C)n1,0.4375,2,1,7,0.11363636363636363
422,COCCN(Cc1ccnn1C)C(=O)C1CCCc2c[nH]nc21,0.5625,3,1,7,0.10344827586206896
423,COc1cc(Cl)ccc1-c1nnc(SC(C(=O)O)C2CC2)n1N,0.35714285714285715,3,3,7,0.15
424,COc1ccc(Br)cc1CNC(=O)c1cc(CN(C)C(C)=O)on1,0.3125,2,1,7,0.12345679012345678
425,CSc1ccc(OCC(O)CN2CCC(O)C(C)(C)C2)cc1-c1ncco1,0.55,3,2,6,0.1111111111111111
426,Cc1c(C(=O)N(CCO)Cc2cccnc2Cl)cnn1C1CCCC1,0.5,3,1,6,0.11764705882352941
427,Cc1c(C(=O)N2CCCC2CC(O)c2ccco2)cnn1C1CCOCC1,0.6,4,1,7,0.15294117647058825
428,Cc1c(C(=O)NC2CC(=O)N(C3CC3C)C2)nnn1Cc1ccc(F)cc1,0.47368421052631576,4,1,7,0.11764705882352941
429,Cc1c(C(=O)NCC(C)(C)C(N)=O)cnn1-c1ccccn1,0.3333333333333333,2,3,7,0.0875
430,Cc1c(C(=O)NCC2CNCC2O)nnn1Cc1ccc(F)cc1,0.4375,3,3,7,0.12345679012345678
431,Cc1c(C=CC(=O)Nc2cccc(C(=O)N3CCOCC3)c2)cnn1C,0.3157894736842105,3,1,7,0.14634146341463414
432,Cc1c(NC(=O)C2CCCn3ccnc32)cccc1N1C(=O)NC(C)C1=O,0.3684210526315789,4,2,8,0.0898876404494382
433,Cc1cc(=O)c(C(=O)NCC2(C)CCC(=O)N2)nn1-c1ccc(Cl)cc1,0.3333333333333333,3,2,7,0.19230769230769232
434,Cc1cc(CN(CCC(C)C)C(=O)O)nn1-c1cccc(F)c1,0.4117647058823529,2,1,5,0.08536585365853659
435,Cc1cc(F)ccc1-n1ccc(C(=O)NC2CC(=O)N3CCCCC23)n1,0.42105263157894735,4,1,6,0.10344827586206896
436,Cc1ccc(-c2ccc(C(=O)N3CCCC3CC(N)=O)c(O)n2)o1,0.35294117647058826,3,3,7,0.10843373493975904
437,Cc1ccc(C(O)c2cc(C(=O)N3CC(C(N)=O)CCC3C)no2)cc1,0.42105263157894735,3,3,7,0.0975609756097561
438,Cc1ccc(F)c(CC(=O)N2CCCC(O)(c3cn(C(C)C)nn3)C2)c1,0.5263157894736842,3,1,6,0.11494252873563218
439,Cc1ccc(OCc2nnc(SC(C)C(=O)NCC(=O)NC3CC3)o2)cc1,0.4444444444444444,3,2,8,0.1566265060240964
440,Cc1cncc(C(=O)NCC(c2ccc(C)o2)N2CCOCC2)c1,0.4444444444444444,3,1,6,0.15384615384615385
441,Cc1nc(COc2ccc(C=C3NC(=O)N(C4CCCCC4)C3=O)cc2)cs1,0.38095238095238093,4,1,6,0.11764705882352941
442,Cc1nn(CN(C)C(=O)CSC(F)(F)F)c(=O)c2[nH]c(-c3ccco3)nc12,0.3333333333333333,3,1,8,0.07526881720430108
443,Cc1occc1C(=O)Nc1nc(CC(=O)N2CC(O)CC(F)(F)C2)cs1,0.4375,3,2,7,0.12359550561797752
444,Cn1nc(-c2ccco2)cc1NC(=O)C=CCN1CCOCC1,0.375,3,1,7,0.15
445,NC(=O)C1CC(NC(=O)c2nnn(-c3cccc(Br)c3)c2C(F)F)C1,0.3333333333333333,3,3,7,0.12195121951219512
446,O=C1CN(C(=O)c2ccc(Sc3ccc(Cl)cc3)nc2)C(O)C1,0.1875,3,1,5,0.1643835616438356
447,C=CC(=O)N1CCc2ccc(NC(=O)N3CCc4nccnc4C3)cc21,0.2631578947368421,4,1,7,0.0963855421686747
448,CC(=O)N(CC1CCCN1C(=O)c1ccn(-c2ccc(Cl)cc2)n1)C1CC1,0.45,4,0,6,0.1625
449,CC(=O)N(Cc1ccc(NC(=O)C2CCc3nnc(C)n3C2)cc1)C1CC1,0.5,4,1,7,0.12048192771084337
450,CC(=O)N1CCC(NC(=O)c2ccc(-n3nc(C)cc3C)nc2)C1,0.4117647058823529,3,1,7,0.0975609756097561
451,CC(=O)NC(C(=O)Nc1nnc(Cc2cccc(F)c2)s1)C(C)C,0.375,2,2,6,0.08433734939759036
452,CC(=O)NC(C)(C)C(=O)Nc1nnc(Cc2ccc(Cl)cc2)s1,0.3333333333333333,2,2,6,0.18309859154929578
453,CC(=O)NC(C)C(=O)Nc1nnn(Cc2ccc(Br)cc2F)c1C,0.3333333333333333,2,2,7,0.09523809523809523
455,CC(=O)NC(CC(=O)Nc1ccc(-n2cccn2)c(Cl)c1)C(F)(F)F,0.26666666666666666,2,2,6,0.10714285714285714
456,CC(=O)NC1Cc2ccccc2N(C(=O)Cc2nc[nH]n2)C1,0.3333333333333333,3,2,7,0.1125
457,CC(=O)NCC(C)(C)C(=O)NCc1cccc(-n2cncn2)c1,0.375,2,2,7,0.0875
458,CC(=O)NCC1CCn2ncc(C(=O)NCc3cccn3C)c2C1,0.47058823529411764,3,2,7,0.09302325581395349
459,CC(=O)NCC1CCn2ncc(C(=O)NCc3cccnc3)c2C1,0.4117647058823529,3,2,7,0.09302325581395349
460,CC(=O)NCCN(Cc1ccc(Cl)cn1)C(=O)c1ccoc1C(F)(F)F,0.3125,2,1,6,0.16049382716049382
461,CC(=O)Nc1cccnc1OCC1CCCN(C(=O)c2ccc(Cl)s2)C1,0.3888888888888889,3,1,6,0.13793103448275862
462,CC(C)(CNC(=O)c1ccn(-c2ccc(Cl)cc2)n1)C(=O)O,0.26666666666666666,2,2,6,0.17142857142857143
463,CC(N=C(O)C1CSCN1C(=O)O)c1cn(-c2ccc(Cl)cc2)nn1,0.3333333333333333,3,2,8,0.14814814814814814
464,CC(O)(CNC(=O)c1ccc(Sc2ccccn2)cc1)C(N)=O,0.1875,2,4,6,0.1038961038961039
465,CC(O)CN(CC(F)F)C(=O)Cc1ccc(-n2nc(C)cc2C)c(F)c1,0.4444444444444444,2,1,5,0.0963855421686747
466,CC1(C(N)=O)CN(C(=O)c2ccc(-c3ccc(Br)cc3)nc2O)C1,0.23529411764705882,3,3,6,0.12
467,CC1(C(N)=O)CN(C(=O)c2nnn(-c3ccc(Br)cc3)c2)CCO1,0.3333333333333333,3,2,8,0.13924050632911392
468,CC1CN(C(=O)c2cccc(OCc3csc(NC(C)=O)c3)n2)C1C,0.3888888888888889,3,1,6,0.11627906976744186
469,CCN(CC)C(C(=O)OCc1csc(Nc2ccc(F)cc2C)n1)C(C)C,0.5,2,1,5,0.11764705882352941
470,CCN(CCCO)C(=O)c1nn(-c2ccc(C)cc2)cc1O,0.375,2,2,6,0.07692307692307693
471,CCNC(=O)C1CN(C(=O)c2cccc(C(F)(F)F)c2)C1c1nn[nH]n1,0.4,3,2,8,0.11494252873563218
473,CN(CC(F)F)C(=O)CCc1c(C)nc(-c2ccccn2)[nH]c1=O,0.375,2,1,6,0.08235294117647059
474,CNC(=O)C(NC(=O)c1ccc(-c2nnc(S)o2)cc1)C(C)C,0.3333333333333333,2,2,7,0.10666666666666667
475,CNC(=O)CC(C)NC(=O)c1cc(C)n(-c2ccccn2)c1C,0.35294117647058826,2,2,6,0.1
476,CNC(=O)CCNC(=O)c1cc(Cl)ccc1-n1cncn1,0.23076923076923078,2,2,7,0.16
477,CNC(=O)NC(=O)C(C)Sc1nnc(-c2cccc(O)c2)n1C1CC1,0.375,3,3,8,0.10714285714285714
478,COC(C)(C)c1nc(C)c(C(=O)N(CCCO)Cc2ccco2)s1,0.5294117647058824,2,1,6,0.09302325581395349
479,COC(C)CNC(=O)NC(CC)c1nc(-c2ccc(C)c(F)c2)no1,0.47058823529411764,2,2,7,0.10344827586206896
480,COC1CC(c2nc(C)no2)N(C(=O)Cc2ccc3c(c2)NCC3)C1,0.5,4,1,7,0.11235955056179775
481,COCC1CNCCCN1C(=O)c1cc(-c2ccc(C)c(C)c2)[nH]n1,0.47368421052631576,3,2,6,0.11764705882352941
482,COc1ccc(Br)cc1CC(=O)Nc1cnn(CCN2CCOCC2)c1,0.4444444444444444,3,1,7,0.17073170731707318
483,COc1ccc(C(NC(=O)C(=O)NC2CCCC2)c2nccn2C)cc1,0.42105263157894735,3,2,7,0.14102564102564102
484,COc1ccc(C)cc1-n1ccc(C(=O)NCC2CNCC2O)n1,0.4117647058823529,3,3,7,0.10588235294117647
485,Cc1c(C(=O)N2CC(C)(C(N)=O)C2)nnn1Cc1ccc(F)cc1,0.375,3,2,7,0.13157894736842105
486,Cc1c(C(=O)N2CC(CN)C(c3cccc(F)c3)C2)nnn1C(F)F,0.4375,3,2,6,0.07954545454545454
487,Cc1c(C(=O)N2CC(CO)C(CO)C2)nnn1Cc1ccc(C(F)(F)F)cc1,0.5,3,2,7,0.11392405063291139
488,Cc1c(C(C)NC(=O)C2CNC(=O)C2)nnn1-c1ccc(Cl)cc1,0.375,3,2,7,0.16455696202531644
489,Cc1cc(C(=O)N(C)CC2CCCC2O)c(C)n1N=Cc1ccccn1,0.45,3,1,6,0.07692307692307693
490,Cc1ccc(-c2ccc(C(=O)N(C)CC3CC(O)C3)c(F)c2)nc1C,0.4,3,1,4,0.08433734939759036
491,Cc1ccc(-c2nnc(S(=O)(=O)N3CCC(C)(C)CC3)[nH]2)c(O)c1,0.5,3,2,7,0.13333333333333333
492,Cc1ccc(-c2nnc(S)n2CC(=O)N(O)C2CCCC2)cc1,0.4375,3,1,6,0.09090909090909091
493,Cc1ccc(-c2nnc(S)n2CC(=O)N2CCOC(C)(C(F)F)C2)cc1,0.47058823529411764,3,0,6,0.12195121951219512
494,Cc1ccc(-c2nnc3n2CCN(C(C)C(=O)NCCF)CCC3)cc1,0.5263157894736842,3,1,6,0.0963855421686747
495,Cc1ccc(C(=O)NC(C)C)cc1NC(=O)COCc1ccccn1,0.3157894736842105,2,2,6,0.1111111111111111
496,Cc1ccc(C(O)c2ccccn2)cc1NC(=O)COC1(C)CNC1,0.3684210526315789,3,3,6,0.11764705882352941
497,Cc1ccc(CC(=O)N(CCO)Cc2cccnc2)cc1C(N)=O,0.2777777777777778,2,3,6,0.09876543209876543
498,Cc1ccc(CNC(=O)C2(C(F)(F)F)CCNC2)c(Oc2cnccn2)c1,0.3888888888888889,3,2,6,0.14942528735632185
499,Cc1ccc(NC(=O)C(C)C)cc1NC(=O)Cn1ccnc1,0.3125,2,2,6,0.08974358974358974
500,Cc1nc(CC2CCCN(C(=O)c3cc(C(N)=O)cs3)C2)no1,0.4666666666666667,3,2,7,0.07954545454545454
501,Cc1noc(-c2cccc(C(=O)NCC3CCCNC3=O)c2)n1,0.375,3,2,7,0.13095238095238096
502,Cc1occc1C(=O)Nc1cc(C2CCCN2CCCF)c(F)cn1,0.4444444444444444,3,1,5,0.125
503,N#Cc1cccnc1Oc1ccc(NC(=O)C2(C(=O)NC3CC3)CC2)cc1,0.3,4,2,7,0.21052631578947367
504,NC(=O)CCNC(=O)N(CCc1nn[nH]n1)c1cccc(Cl)c1,0.3076923076923077,2,4,9,0.13580246913580246
505,Nc1ccc(OC2CCCCC2NC(=O)Cc2cnn3c2CCCC3)cn1,0.55,4,3,7,0.1411764705882353
506,O=C(NCC1CCCNC1=O)c1cccnc1Oc1ccc(Br)cc1,0.2777777777777778,3,2,6,0.19230769230769232
507,O=C(O)NCC1CCCCN1C(=O)c1cc(-c2cccc(C#N)c2)no1,0.3333333333333333,3,2,8,0.12643678160919541
508,O=S(=O)(NC1CC1)c1cc(NCCc2cccc(F)c2)ncc1Br,0.3125,3,2,5,0.12345679012345678
509,CC(=O)N1CC(NC(=O)c2noc3c2CCCC3)C(c2cnn(C)c2)C1,0.5555555555555556,4,1,8,0.11904761904761904
510,CC(=O)NC(CC(=O)NCc1cnc(Cl)s1)c1ccncc1,0.2857142857142857,2,2,6,0.13157894736842105
511,CC(=O)NCC(=O)NCc1cc(C)nc(Nc2ccc(Br)cc2)n1,0.25,2,3,7,0.11842105263157894
512,CC(=O)NCCN(Cc1ccc(Cl)cc1)C(=O)c1ncccc1O,0.23529411764705882,2,2,6,0.17567567567567569
513,CC(CC(=O)Nc1ncn(C)c1Cc1ccc(F)cc1)NC(N)=O,0.3125,2,4,7,0.1125
514,CC(NC(=O)Cc1csc(N2CCCC2=O)n1)C(=O)Nc1ccc(Br)cc1,0.3333333333333333,3,2,7,0.12790697674418605
515,CC(NC(=O)c1ccc(C(F)(F)F)nc1)C(C)C(=O)Nc1ncc[nH]1,0.3333333333333333,2,3,7,0.1125
516,CC(Oc1ccc(C(F)(F)F)cn1)C(=O)N1CCCC1CC(O)c1ccco1,0.47368421052631576,3,1,6,0.10989010989010989
517,CC1NC(=O)C(C)N(C(=O)c2cc(Cn3cc(Br)cn3)on2)C1C,0.4666666666666667,3,1,8,0.08235294117647059
518,CCN(CC)C(=O)Cn1cc(NC(=O)Cc2cc(C)ccc2F)cn1,0.3888888888888889,2,1,6,0.0975609756097561
519,CCN(CCc1nn[nH]n1)C(=O)COc1cccc(C(F)(F)F)c1,0.42857142857142855,2,1,7,0.09523809523809523
520,CCN1C(=O)CC(CNC(=O)c2ccc(C(F)(F)F)cn2)C1c1cccnc1,0.3684210526315789,3,1,6,0.11235955056179775
521,CCN1CN(C(=O)CSc2nnc(-c3ccc(Cl)cc3)o2)CC1=O,0.3333333333333333,3,0,7,0.18181818181818182
522,CCNC(=O)C(C)(C)NC(=O)c1cccc(-c2noc(C(F)(F)F)n2)c1,0.375,2,2,7,0.0975609756097561
523,CCNC(=O)C(C)NC(=O)c1cnn(-c2ncccc2Cl)c1C(F)F,0.3333333333333333,2,2,7,0.13253012048192772
524,CCNC(=O)C(C)NC(=O)c1nn(Cc2ccc(F)cc2)c(C)c1C,0.3888888888888889,2,2,6,0.11392405063291139
525,CCNC(=O)C1Cc2cccnc2N1C(=O)Cc1cnc(S)[nH]1,0.3333333333333333,3,2,7,0.09302325581395349
526,CCOc1ccc(-n2c(C)csc2=O)cc1C(=O)NCCC1CCNC1,0.47368421052631576,3,2,6,0.10989010989010989
527,CCn1cnc(C(=O)NCCC(=O)NCc2ccco2)c1C,0.4,2,2,7,0.09876543209876543
528,CN(C)C(=O)CC(NC(=O)c1cn(C2CCC2)nn1)c1ccc(F)cc1,0.4444444444444444,3,1,7,0.09411764705882353
529,CN(Cc1cn(C)nn1)C(=O)c1ccc2c(c1)C(=O)N(C1CCCCC1)C2=O,0.45,4,0,8,0.09411764705882353
530,CN1CCOC(CSc2n[nH]c(=O)n2-c2cccc(Br)c2)C1=O,0.35714285714285715,3,1,7,0.09302325581395349
531,CNC(=O)C(C#N)=c1sc(=Cc2cncc(Br)c2)c(=O)n1CC(N)=O,0.13333333333333333,2,3,8,0.0898876404494382
532,CNC(=O)C1CN(C(=O)c2cnn(-c3ccc(Cl)nn3)c2C)C1,0.35714285714285715,3,1,8,0.1282051282051282
533,CNC(=O)C1Cn2c(C)nnc2CN1Cc1cc2c(s1)CCOC2,0.5625,4,1,7,0.11494252873563218
534,CNC(=O)CCNc1ccc(Cl)c(-c2nn[nH]n2)n1,0.3,2,3,8,0.11842105263157894
536,CNS(=O)(=O)CC1CCCN1Cc1ccc(-c2ccc(C)o2)nc1O,0.47058823529411764,3,2,7,0.11764705882352941
537,COC(Cc1ccc(Br)cc1)C(=O)NCc1nnc(S)n1C,0.35714285714285715,2,1,6,0.13157894736842105
538,COC1(c2nc(Cc3ccc(F)cc3)no2)CCN(C(=O)NCC(F)F)CC1,0.5,3,1,7,0.1566265060240964
539,COc1ccc(-c2nc(C(=O)NC(C(N)=O)C(C)C)cs2)cc1,0.3125,2,3,6,0.13333333333333333
540,COc1ccc(C(=O)NCC(=O)N(C)C)c(-c2ccccn2)c1,0.23529411764705882,2,1,6,0.12987012987012986
541,COc1ccc(C(NC(=O)C(F)CN2CCCC2)c2nccn2C)cc1,0.47368421052631576,3,1,6,0.13414634146341464
542,COc1cccc(C2CC(C)CN2C(=O)Cc2csc(NC(C)=O)n2)c1,0.42105263157894735,3,1,6,0.12643678160919541
543,COc1cccc(C2CC(n3cc(CN(C)C(=O)O)nn3)C2)c1Cl,0.4375,3,1,7,0.13253012048192772
544,Cc1c(C(=O)N2CCCCC2c2nccs2)sc2nc[nH]c12,0.4,4,1,5,0.08235294117647059
545,Cc1c(NC(=O)C(C)NC(=O)C(F)(F)F)cccc1-n1cnnc1O,0.2857142857142857,2,3,8,0.08536585365853659
546,Cc1cc(-c2nc(C3C(=O)NCCN3C(C)C)no2)ccc1F,0.4375,3,1,6,0.09523809523809523
547,Cc1cc(C(=O)NC(CN2CCCC2=O)c2ccc(Cl)cc2)no1,0.35294117647058826,3,1,6,0.1794871794871795
549,Cc1cc(C(=O)NCC2CN(C)CCO2)c(C)n1-c1cccnc1,0.4444444444444444,3,1,6,0.12941176470588237
550,Cc1cc(NC(=O)N2CC(Cc3ccoc3)C2)nn1C1CCOCC1,0.5555555555555556,4,1,7,0.14457831325301204
551,Cc1ccc(C2CCN(C(=O)c3cnnn3CC3CCC3)C2CO)cc1,0.55,4,1,6,0.09523809523809523
552,Cc1ccc(NC(=O)C(C)SCc2cnn[nH]2)c(C)c1C(=O)O,0.3333333333333333,2,3,7,0.09876543209876543
553,Cc1ccc(NC(=O)CSc2nnc(S)s2)c(OCC(=O)N(C)C)c1,0.3333333333333333,2,1,7,0.10588235294117647
554,Cc1cccnc1CNC(=O)c1cnn(CC(=O)NC2CCCC2)c1,0.4444444444444444,3,2,7,0.09411764705882353
555,Cc1ccnc(OC2CCN(C(=O)c3ccc4c(c3)C(C)(C)C(=O)N4)CC2)c1,0.4090909090909091,4,1,6,0.10465116279069768
556,Cc1ccnc(OC2CCN(C(=O)c3ccc4c(c3)NC(=O)C(C)N4C)CC2)c1,0.4090909090909091,4,1,7,0.11363636363636363
557,Cc1cnc(CCNC(=O)c2ccc(CCNC(C)=O)cc2Cl)nc1,0.3333333333333333,2,2,6,0.1506849315068493
558,Cc1nc(-c2cccc(N3C(=O)CN(CC(C)C)C3=O)c2)n[nH]1,0.375,3,1,7,0.05952380952380952
559,Cc1nc(-c2cccc(N3CCCC3)c2)nc(N2CCCC2CC(=O)O)c1N,0.47619047619047616,4,3,7,0.07865168539325842
560,Cc1nc(C2CCCN(C(=O)c3coc4ccc(C=O)cc34)C2)n[nH]1,0.3333333333333333,4,1,7,0.08888888888888889
561,Cc1nc(COc2cccc(C(=O)N3CCCC3CCO)c2)cs1,0.4444444444444444,3,1,5,0.12790697674418605
562,Cc1nc2cc(C(=O)N3CCNC(=O)C3C(C)C)ccc2n1C1CC1,0.5263157894736842,4,1,6,0.08139534883720931
563,Cc1ncsc1COc1cccc(C(=O)NCCNC(=O)C(F)(F)F)c1,0.3125,2,2,6,0.10975609756097561
564,Cc1nnc(-c2cccc(NC(=O)C(=O)N(C)CC(C)(C)C#N)c2)n1C,0.3888888888888889,2,1,8,0.08139534883720931
565,Cc1nnc(SCC(=O)Nc2cccc(S(=O)(=O)NC3CC3)c2)o1,0.35714285714285715,3,2,8,0.14814814814814814
566,Cc1oc(-c2cccc(C(F)(F)F)c2)nc1C(=O)N1CC(C(N)=O)C(C)C1,0.3888888888888889,3,2,6,0.09195402298850575
567,Cc1oc(-c2ccco2)nc1CC(=O)NCC1(O)CCC(F)(F)CC1,0.5294117647058824,3,2,6,0.13580246913580246
568,Cn1c(SCC(=O)N(C)CC2(O)CCC2)nnc1-c1ccco1,0.5333333333333333,3,1,7,0.12048192771084337
569,Cn1cc(C(NCC(=O)N(C)Cc2ccc(Br)cn2)C2CCCO2)cn1,0.5,3,1,7,0.13636363636363635
570,O=C(Cc1cccc(OCc2cccnc2)c1)NC1CCCCC1O,0.4,3,2,5,0.125
571,O=C(NC1CC1)c1cc(NC(=O)CSc2ccncc2)cc(C(F)(F)F)c1F,0.2777777777777778,3,2,5,0.09411764705882353
572,O=C(c1cn(CCO)nc1-c1ccc(Cl)cc1)N1CCCC(O)C1,0.4117647058823529,3,2,6,0.15584415584415584
